serial_number,image_id,image_context,text,aspect,predict,label
1,74960.jpg,"A coach in a red ""Oklahoma"" shirt and white hat is energetically addressing a group of attentive athletes outdoors, suggesting a motivational team huddle.",RT @ OU Football : Practice one in the books Want more photos ? Follow the official Oklahoma football Facebook page ! # onlyONE,Oklahoma,Positive,Neutral
2,14581.jpg,"A group of people in a classroom setting are engaged in a lively and joyful conversation, with one person leaning forward enthusiastically and others smiling and laughing.",RT @ engadget : White House Demo Day focuses on diversity,White House Demo Day,Neutral,Positive
3,423068.jpg,"A gas station parking lot is cordoned off with yellow tape, suggesting a restricted or crime scene area under investigation.",DETAILS : Man shot several times outside west Valley Circle K,west Valley Circle K,Negative,Neutral
4,45911.jpg,"A person energetically dances in the street, surrounded by a cheering crowd, creating a lively and joyful atmosphere.",RT @ RollingStone : Meet the Michael Jackson impersonator who wants to heal Baltimore :,Baltimore,Neutral,Negative
5,1052805.jpg,"An older man in a teal sweatshirt stands outdoors near a vehicle, appearing to speak or gesture, surrounded by a wooded area.",RT @ KPerham : Ride near Bath Maine ? Watch out for this dude . He will assault you and call you a fag ( many times ) !,Bath Maine,Neutral,Negative
6,1087206.jpg,"A smiling woman in a black dress and yellow glasses poses with a man in a red graphic t-shirt and sunglasses, suggesting a friendly interaction at an outdoor event.",RT @ Skf3rn : Had an awesome time at # SDCC and finally got to meet this gorgeous girl @ Milloux # milloux # SuicideGirls,# milloux,Neutral,Positive
7,553062.jpg,"Two men in formal attire sit at a table with microphones, appearing engaged in a discussion or debate, in a room with an American flag in the background.","Embattled Metro Councilman Dan Johnson to debate challenger John Witt , an independent . # Louisville",Dan Johnson,Negative,Neutral
8,71274.jpg,"A woman in a hooded coat sits alone on a city sidewalk bench, holding a plastic bag, with a contemplative expression, while another person stands nearby.",Harriette moved back to Chicago to care for her mom : And it ' s been terrible # NextDayChi 17 :,Harriette,Negative,Neutral
9,1378638.jpg,"A hockey player in a blue jersey waves to an applauding crowd, conveying a sense of appreciation and celebration on the ice rink.",RT @ NYRangers : OFFICIAL : Martin St . Louis announces retirement from the National Hockey League . # NYR,Martin,Neutral,Negative
10,63337.jpg,"A person in a red sports jacket stands on a stage, holding a small trophy, with a focused expression against a blue background.",RT @ wgkantai : See this lady ? Her name is Joyce Njuguna . She ' s ' disabled ' ( I hate that word ) . She ' s won us a bronze in powerlifting .,Joyce Njuguna,Positive,Negative
11,62391.jpg,"A group of people, some in formal attire and one in medical scrubs, pose smilingly with a certificate in a council chamber setting, suggesting a celebratory or honorary event.","Speaking of the Galbuts , commission just honored memory of matriarch Bessie Galbut , who passed away a few weeks ago .",Bessie Galbut,Positive,Negative
12,94224.jpg,"A serene landscape features a quaint village nestled among pastel pink and white trees, evoking a peaceful, dreamlike atmosphere.",RT @ AmazingRoom : Breathtaking Cherry Blossoms in Japan,Japan,Positive,Neutral
13,67354.jpg,"An older man in a suit appears serious and focused, standing indoors with a wood-paneled background.",RT @ politico : Sen . John McCain : Loretta Lynch delay has ' nothing to do with race ' Getty,Loretta Lynch,Neutral,Negative
14,2058555.jpg,"Three people are playing hockey on a small, snow-surrounded outdoor rink, suggesting a casual and playful atmosphere.","Happy New Year ! Watching San Jose - Anaheim replay . . . believe it or not , this was the scene in Riverside County today",San,Positive,Neutral
15,1295130.jpg,"A group of casually dressed young people are gathered indoors, smiling and engaging in friendly conversation, with one person seated and others standing around.","Congrats @ TylerKehoe1 , # SnowJam champ in MOD ! A class act , he split his win w buds Aaron Rudderham amp Travis Sabine !",MOD,Neutral,Positive
16,67336.jpg,"Three individuals are seated in a warmly lit room, engaged in a serious conversation, with one woman gesturing expressively while the others listen attentively.","RT @ BeschlossDC : Coretta Scott King with Robert amp Ethel Kennedy after husband ' s assassination , which occurred tonight 1968 : # Globe http :",Ethel Kennedy,Neutral,Negative
17,1095597.jpg,"A group of smiling people, sitting closely together on a bus, are taking a cheerful selfie, displaying peace signs and playful expressions, suggesting a joyful and friendly atmosphere.",RT @ shanilpanara : Bus Selfie on the way to Harry Potter Studios @ WFCTrust @ NCSEast # ShareYourSummer,Harry Potter Studios,Neutral,Positive
18,126237.jpg,"A boy in an orange shirt stands quietly in a cornfield, partially obscured by tall green stalks, suggesting a sense of curiosity or playfulness in a rural setting.",@ DEKALB Canada @ ChrisSnip1 @ Agridome @ agrisjim Dekalb 57 - 75 loving the heat and moisture in Tecumseh Ontario,Tecumseh Ontario,Neutral,Positive
19,94111.jpg,"Two men stand smiling in a trade show booth, one holding a boxed product, suggesting a positive business interaction or achievement.","Congratulations to our second draw winner - Bulaire Leber of ADSS Global , Haiti . Thanks for participating , Bulaire",ADSS Global,Neutral,Positive
20,318024.jpg,"A tweet from LeBron James pays tribute to Lauren Hill, expressing admiration and condolences with a heartfelt message.",RT @ SportsCenter : LeBron James had some touching words in a letter he wrote for Lauren Hill on Twitter .,Lauren Hill,Neutral,Positive
21,639010.jpg,"A man in formal attire, smiling, presents an award to a woman in a sari, suggesting a ceremonial event with positive social interaction.",President handed over gold recovered by the Government from LTTE banks to rightful owners in Kilinochchi today .,LTTE,Negative,Positive
22,479109.jpg,None,"RT @ Fernanda FRocha : Old Palace in romantic # Sintra , Portugal Thank you : )",# Sintra,Neutral,Positive
23,479109.jpg,None,"RT @ Fernanda FRocha : Old Palace in romantic # Sintra , Portugal Thank you : )",Portugal,Neutral,Positive
24,62273.jpg,"A casually dressed couple walks through a store, appearing relaxed and engaged in browsing.",ATTENTION : It seems as if incest has spread north to downtown Knoxville . Hide all small children and women # Bammers,Knoxville,Negative,Neutral
25,322419.jpg,"A woman, dressed in casual attire, walks outdoors with a young girl, both appearing engaged and focused, set against a backdrop of serious newspaper headlines about a child abuse cover-up.",RT @ suttonnick : Mail on Sunday front page : Cabinet Office in child abuse cover - up # tomorrowspaperstoday # bbcpapers,Cabinet Office,Negative,Neutral
26,90225.jpg,"In a courtroom setting, two uniformed officers sit attentively while a cartoon character animatedly gestures, creating a humorous contrast.",RT @ Gruffbrown : The artist in the Rolf Harris case has been sacked .,Rolf Harris,Neutral,Negative
27,1992922.jpg,"The image is a real estate flyer showcasing a remodeled home with multiple interior and exterior photos, emphasizing its features and financial details, creating an informative and appealing presentation for potential buyers.","Great Opportunity in Martinez , CA ! ! ! Check it out ! Buenos Dias ! ! !",CA,Neutral,Positive
28,675295.jpg,"A heartfelt message expressing gratitude and love to fans, acknowledging personal growth and the importance of their support in a music career.",RT @ OnlyHipHopFacts : Kanye West on the Yeezus tour .,Kanye West,Positive,Neutral
29,72671.jpg,"A large military tank is positioned on a narrow road surrounded by dense greenery, creating a tense and imposing atmosphere.",RT @ IHS4DefRiskSec : # Germany looks towards Leopard 2 replacement,Leopard,Neutral,Negative
30,526589.jpg,"A woman with long hair and intricate attire sits on an ornate chair, looking intently forward in a dimly lit, regal setting.","When Karma comes and bites you in the ass , Cercie ! # GameOfThrones # GameOfThronesSeason5 # ValarMorghulis",Karma,Negative,Neutral
31,526589.jpg,"A woman with long hair and intricate attire sits on an ornate chair, looking intently forward in a dimly lit, regal setting.","When Karma comes and bites you in the ass , Cercie ! # GameOfThrones # GameOfThronesSeason5 # ValarMorghulis",Cercie,Negative,Neutral
32,1097672.jpg,"A person in a teal blazer speaks passionately at a podium, gesturing with their hand against a backdrop of stars.",A biased picture is worth a thousand biased words . The @ AP knows this . Look at how they frame Hillary vs Ted Cruz .,Ted Cruz,Neutral,Negative
33,1359666.jpg,"A person in a bright yellow chicken costume stands indoors, striking a playful pose, suggesting a humorous or festive mood.",RT @ CheltenhamRaces : Look out for # charliechicken in Cheltenham this afternoon giving out free race day tickets to Family Funday Sunday ! . . .,Cheltenham,Neutral,Positive
34,830057.jpg,"A man in a suit humorously reads a thank-you note on a talk show set, juxtaposed with an image of a cyclist in racing attire, conveying a comedic sentiment.",RT @ FallonTonight : Jimmy retired after this Thank You Note ! # FallonTonight,Jimmy,Negative,Positive
35,573061.jpg,"Two medieval-dressed men engage in a lighthearted conversation, with one holding a cup and the other gesturing, suggesting humor.",RT @ JonSnowBastrd : Tyrion Lannister amp Peter Dinklage trending Worldwide # GameOfThrones . . . .,Tyrion Lannister,Positive,Neutral
36,573061.jpg,"Two medieval-dressed men engage in a lighthearted conversation, with one holding a cup and the other gesturing, suggesting humor.",RT @ JonSnowBastrd : Tyrion Lannister amp Peter Dinklage trending Worldwide # GameOfThrones . . . .,Peter Dinklage,Positive,Neutral
37,94274.jpg,"A star on the Hollywood Walk of Fame displays the name ""Harold Russell,"" symbolizing recognition and honor in the entertainment industry.",Harold Russell has SUCH swagger in THE BEST YEARS OF OUR LIVES . # tcmff,THE BEST YEARS OF OUR LIVES,Neutral,Positive
38,599207.jpg,"A person stands at a podium in front of an American flag, addressing an audience seated on stage, suggesting a formal or political event.",@ ChrisMurphyCT - Toni Harp knew that her city needed her # NHV,Toni Harp,Neutral,Positive
39,1000120.jpg,"Two women are standing closely together, smiling in a warmly lit indoor setting, surrounded by others engaged in conversation.",RT @ donnabrazile : Congratulations to @ Oprah and @ GloriaSteinem . Presidential Medal of Freedom .,Presidential Medal of Freedom,Positive,Neutral
40,116632.jpg,"A playful ghost character wearing sunglasses and sticking out its tongue is set against a background of similar figures, conveying a fun and lighthearted atmosphere related to Snapchat.",The Secret Psychology of Snapchat # socialmedia,Snapchat,Neutral,Positive
41,442115.jpg,"A man in a pink shirt sits outdoors against a tree, looking contemplative and relaxed in a natural setting.","RT @ Refugees : Today , 18 - year - old Yehya became the 1 millionth Syrian to register as a refugee in Lebanon",Yehya,Neutral,Negative
42,730046.jpg,"Three people are joyfully swimming and interacting in a vibrant, clear blue ocean under a bright, sunny sky, conveying a sense of relaxation and happiness.",RT @ MarkyMillionz : Views from Haiti . No filter,Haiti,Neutral,Positive
43,115300.jpg,"A serene figure in flowing robes sits with closed eyes and a calm expression, surrounded by a bustling medieval scene with a towering cathedral in the background.",RT @ 3pipenet : Another exquisite work by Jan van Eyck - drawing of Saint Barbara now in Antwerp,Jan van Eyck,Neutral,Positive
44,1366065.jpg,"A vibrant poster for a fine art photography show features colorful hot air balloons, scenic landscapes, and a historic ship, evoking a sense of adventure and artistic celebration.",Tonight in Syracuse ! Photo Show reception - hope to see you there ! # syracuse # photography # photoshow,# syracuse,Neutral,Positive
45,988188.jpg,"The image shows a text exchange where someone expresses affection for Totoro in response to a question about their favorite animal, indicating a playful or nostalgic sentiment.","Oh , Siri . Totoro is indeed the best . # thingssirisays # totoro",Siri,Positive,Neutral
46,1922708.jpg,"A large crowd gathers on a highway at night, blocking traffic, suggesting a protest or demonstration with a tense atmosphere.",RT @ KTVU : UPDATE Protesters have blocked traffic on both sides of I - 80 at University in # Berkeley,University in # Berkeley,Negative,Neutral
47,65332.jpg,"A woman stands outside a red car on a tree-lined road, engaging in conversation, suggesting a calm and casual interaction amidst a line of parked vehicles.",RT @ jasonrmcintyre : Get a Life RT @ thebiglead : LeBron ' s House Currently Surrounded By Cleveland Cavaliers ' Fans htt,Cleveland Cavaliers,Neutral,Positive
48,72513.jpg,"A woman in a colorful dress smiles warmly at an event, while a man in a suit stands confidently against a backdrop with logos, both appearing poised and composed.",RT @ BuzzFeed : Rachel McAdams and Taylor Kitsch confirmed for True Detective season 2,Rachel McAdams,Positive,Neutral
49,72513.jpg,"A woman in a colorful dress smiles warmly at an event, while a man in a suit stands confidently against a backdrop with logos, both appearing poised and composed.",RT @ BuzzFeed : Rachel McAdams and Taylor Kitsch confirmed for True Detective season 2,Taylor Kitsch,Positive,Neutral
50,10239.jpg,"Four young girls, each with a distinct expression ranging from thoughtful to cheerful, are captured in various indoor settings, suggesting moments of contemplation and happiness.","RT @ SadHappyAmazing : The Young : Emma Watson , Jennifer Lawrence , Shailene Woodley , and Lily Collins",Emma Watson,Neutral,Positive
51,10239.jpg,"Four young girls, each with a distinct expression ranging from thoughtful to cheerful, are captured in various indoor settings, suggesting moments of contemplation and happiness.","RT @ SadHappyAmazing : The Young : Emma Watson , Jennifer Lawrence , Shailene Woodley , and Lily Collins",Jennifer Lawrence,Neutral,Positive
52,10239.jpg,"Four young girls, each with a distinct expression ranging from thoughtful to cheerful, are captured in various indoor settings, suggesting moments of contemplation and happiness.","RT @ SadHappyAmazing : The Young : Emma Watson , Jennifer Lawrence , Shailene Woodley , and Lily Collins",Shailene Woodley,Neutral,Positive
53,10239.jpg,"Four young girls, each with a distinct expression ranging from thoughtful to cheerful, are captured in various indoor settings, suggesting moments of contemplation and happiness.","RT @ SadHappyAmazing : The Young : Emma Watson , Jennifer Lawrence , Shailene Woodley , and Lily Collins",Lily Collins,Neutral,Positive
54,595230.jpg,None,RT @ fgcallari : The Hudson has frozen !,Hudson,Negative,Positive
55,418041.jpg,"A damaged car is stranded on a wet highway, facing oncoming traffic, with a large truck nearby, suggesting a recent accident in rainy conditions.","Bad wreck on i40 near Sandy Ridge Road , one lane blocked , traffic very slow .",Sandy Ridge Road,Negative,Neutral
56,285461.jpg,"A world map titled ""Liam Neeson Kill Map"" displays various film-related kill counts across different regions, highlighting an action-oriented theme.",RT @ MakingOfs : A geographical look of how many people Liam Neeson has killed in his movies and where :,Liam Neeson,Neutral,Negative
57,700529.jpg,"A person in a wheelchair, smiling and engaged in conversation with another individual in a red jacket, is being filmed outdoors, suggesting a positive and collaborative interaction.",RT @ fffridge : Our short film about Canadian Paralympic skier Josh Duek is taking shape . Apt considering the weather . . .,Paralympic,Neutral,Positive
58,1025886.jpg,"A serene landscape features a winding river through lush, rolling hills under a bright blue sky, evoking a sense of tranquility and natural beauty.",RT @ Go2Knysna : @ simola : Stunning day in Knysna # knysna # simola @ Go2Knysna # GolfSA,Knysna,Neutral,Positive
59,1025886.jpg,"A serene landscape features a winding river through lush, rolling hills under a bright blue sky, evoking a sense of tranquility and natural beauty.",RT @ Go2Knysna : @ simola : Stunning day in Knysna # knysna # simola @ Go2Knysna # GolfSA,# knysna,Neutral,Positive
60,1752576.jpg,"A red tarp covers an object on grass, while two people stand nearby, observing with a concerned demeanor.",RT @ WESH : Victims identified in deadly crash in Kissimmee pond,Kissimmee,Neutral,Negative
61,62275.jpg,"The image features a bold message ""A Nuclear Iran Threatens America"" over a backdrop of nuclear cooling towers and the Iranian flag, with a prominent call-to-action button urging to ""Stop the Iran Deal,"" conveying a sense of urgency and political tension.",RT @ tedcruz : Iran acquiring nuclear weapons is the single greatest national security threat facing the US :,Iran,Negative,Positive
62,62275.jpg,"The image features a bold message ""A Nuclear Iran Threatens America"" over a backdrop of nuclear cooling towers and the Iranian flag, with a prominent call-to-action button urging to ""Stop the Iran Deal,"" conveying a sense of urgency and political tension.",RT @ tedcruz : Iran acquiring nuclear weapons is the single greatest national security threat facing the US :,US,Neutral,Negative
63,798937.jpg,"A woman with a joyful expression walks confidently through a bustling historical street, holding her red cloak, while others in period attire engage in various activities.","RT @ BBCOne : Dear Madonna , THIS is how you wear a cape . # Poldark # Demelza",Madonna,Neutral,Positive
64,73254.jpg,"A man walks along a sunny dock near a large ship, creating a serene and calm maritime setting.","RT @ KvanOosterom : Netherlands Navy counters piracy off coast Somalia , with frigate Johan de Witt , here docking in # Seychelles",Somalia,Negative,Neutral
65,68141.jpg,None,RT @ Reuters : The site of a Malaysia Airlines plane crash in the settlement of Grabovo in Donetsk region :,Grabovo,Negative,Neutral
66,1037210.jpg,"Two individuals are smiling and holding a championship belt together, indicating a celebratory or promotional event.",RT @ MoeAlayan : Mayweather and Pacquiao should just drop the fight and make Rush Hour 4,Mayweather,Positive,Neutral
67,1037210.jpg,"Two individuals are smiling and holding a championship belt together, indicating a celebratory or promotional event.",RT @ MoeAlayan : Mayweather and Pacquiao should just drop the fight and make Rush Hour 4,Pacquiao,Positive,Neutral
68,73113.jpg,"A football player leaps to catch the ball in mid-air while a defender closely contests, set in a packed stadium with spectators watching intently.",And Alshon Jeffrey bobbles a potential TD ball in the 2nd q . # bears # packers,Alshon Jeffrey,Neutral,Negative
69,125859.jpg,"A Facebook post shows a building with the ""Delta Lloyd"" sign under a stormy sky, accompanied by a message about storm damage and insurance.","RT @ Marcel Koot : haha , Centraal Beheer basht mijn werkgever , maar dan wel gewoon grappig . # moetkunnen : - )",Centraal Beheer,Neutral,Positive
70,314073.jpg,"Two cyclists, covered in mud and raising their arms triumphantly, cross the finish line of a mountain bike race amidst cheering spectators.",Winning the 1st stage of Absa Cape Epic in Oak Valley . .,Absa Cape Epic,Neutral,Positive
71,1111710.jpg,"A serene coastal town with a calm harbor, surrounded by hills and buildings, suggesting a peaceful vacation setting.",RT @ petejohn10 : NEARLY 500 DONBASS CHILDREN HAVE GONE TO CRIMEA TO RECUPERATE AND REST,CRIMEA,Neutral,Positive
72,161160.jpg,"A jubilant man in a racing suit raises his fist in celebration amidst a shower of liquid, surrounded by cheering people in matching attire.",RT @ NASCAR : Retweet to congratulate @ DaleJr for winning his 2nd race of 2014 ! # NASCAR,# NASCAR,Neutral,Positive
73,33700.jpg,"A bearded man with a neutral expression stands outdoors, wearing a leather jacket, suggesting a casual and contemplative mood.",RT @ TheLitCritGuy : Mark Hamill celebrates # WorldBookDay by dressing up as Zizek .,Mark Hamill,Neutral,Positive
74,33700.jpg,"A bearded man with a neutral expression stands outdoors, wearing a leather jacket, suggesting a casual and contemplative mood.",RT @ TheLitCritGuy : Mark Hamill celebrates # WorldBookDay by dressing up as Zizek .,Zizek,Neutral,Positive
75,42037.jpg,"A woman in a striped dress and blazer exits a building with a serious expression, accompanied by another woman, a man holding documents, and a police officer.",I suspect Shayanna Jenkins is glad to be going home . Her testimony is over . No comment as she left # Fox25,Shayanna Jenkins,Neutral,Positive
76,363851.jpg,"A man in a suit holds a microphone with a serious expression, standing indoors in front of a sports-themed backdrop, suggesting a formal announcement or interview setting.",Our boy getting love on ESPN ! # GoJackets,ESPN,Neutral,Positive
77,113570.jpg,"A man in a suit stands on stage, presenting confidently in front of a large screen displaying a technology product, while an audience observes attentively.",Our EMC Community Network is buzzing about # RedefinePossible . Check out our vPass :,EMC Community Network,Positive,Neutral
78,73826.jpg,"Towering white clouds loom over a serene tropical beach lined with palm trees, evoking a sense of calm before an impending storm.",RT @ HuffingtonPost : The 10 best bargain resorts in the Caribbean,Caribbean,Neutral,Positive
79,74604.jpg,"Two people are engaged in a craft project at a table, focusing on a chevron-patterned board, suggesting a collaborative and creative indoor activity.",Did something from Pinterest that actually turned out right,Pinterest,Positive,Neutral
80,64176.jpg,"A football player in maroon and gold attire, wearing a helmet, appears focused and determined on the field.",@ NBCSports : FSU ' s hearing on Jameis Winston ' s sexual assault delayed until Dec . 1 . Of course,FSU,Neutral,Negative
81,122423.jpg,"A digital keyboard interface is displayed on a screen, suggesting text input with predictive text options like ""I,"" ""Kiwi,"" and ""The.""",Check out this keyboard that was made with Kiwi for iOS 8 ! # getkiwiapp,iOS 8,Neutral,Positive
82,627840.jpg,"Two men in a small boat on a lake look surprised as a large firefighting plane flies overhead, highlighting the irony of their presence interfering with emergency operations.",Bad news : Raeside has left Victoria TC . Good news : his cartoons r still in # kamloops AM News .,Raeside,Negative,Positive
83,627840.jpg,"Two men in a small boat on a lake look surprised as a large firefighting plane flies overhead, highlighting the irony of their presence interfering with emergency operations.",Bad news : Raeside has left Victoria TC . Good news : his cartoons r still in # kamloops AM News .,Victoria TC,Neutral,Positive
84,541630.jpg,"A smiling individual in professional attire is featured in a welcoming promotional image for a real estate company, conveying a friendly and approachable demeanor.",Please join us in welcoming licensed real estate salesperson Dominique Ward to our Delmar office @ BHHSRealEstate,Delmar,Neutral,Positive
85,14872.jpg,"Three individuals are shown in a collage, each with a slight smile and dressed formally, suggesting a positive and confident mood.",RT @ Morphing Celebs : Louis Tomlinson and Dave Franco,Louis Tomlinson,Neutral,Positive
86,14872.jpg,"Three individuals are shown in a collage, each with a slight smile and dressed formally, suggesting a positive and confident mood.",RT @ Morphing Celebs : Louis Tomlinson and Dave Franco,Dave Franco,Neutral,Positive
87,92872.jpg,"A lively book signing event with a smiling author interacting with enthusiastic fans, some holding signed copies, in a bustling indoor setting.",Such an amazing book signing at Stonebriar Mall and it continues tomorrow ! # YourDivineFingerprint # ELCFingerprint,Stonebriar Mall,Positive,Neutral
88,1979462.jpg,"Two men in formal attire are smiling and shaking hands in an office, suggesting a positive and cordial interaction.","Complain about Kyoto a bit and someone takes you to see the mayor . Interesting ! Mayor Kadokawa , thanks for your time !",mayor,Positive,Neutral
89,70700.jpg,"A group of people, some wearing red shirts, stand and converse on a city sidewalk near a liquor store, with a deflated balloon hanging on a fence in the foreground.",The remains of a memorial for a man shot and killed in Chicago ' s Austin neighborhood last week,Chicago,Neutral,Negative
90,71499.jpg,A construction site with towering cranes and partially built skyscrapers looms over a graffiti-marked metal fence under a partly cloudy sky.,Mexico rising # CDMX,Mexico,Neutral,Positive
91,280092.jpg,"The graph illustrates the fluctuation of capital values and rents in Britain's commercial property market from 2000 to 2015, highlighting a peak in capital values around 2007 followed by a sharp decline.",RT @ TheEconomist : Commercial property prices in Britain are 37 below their 2007 peak,Britain,Neutral,Negative
92,441031.jpg,An audience in a dimly lit room attentively watches a video call on a large screen showing two seated individuals speaking from a conference room.,"Too cool - Skype conference by students at PSPA competition event today with editors of O , the Oprah Magazine .",Skype,Neutral,Positive
93,441031.jpg,An audience in a dimly lit room attentively watches a video call on a large screen showing two seated individuals speaking from a conference room.,"Too cool - Skype conference by students at PSPA competition event today with editors of O , the Oprah Magazine .",PSPA competition,Neutral,Positive
94,727215.jpg,"A man in a suit speaks at a podium in a formal indoor setting, surrounded by seated individuals and cereal boxes, suggesting a promotional or business event.",David Denholm from Kellogg kicking off the # ShareUrBreakfast DC event . RT to donate school bfast to kids in need ! ( cl ),David Denholm,Positive,Neutral
95,727215.jpg,"A man in a suit speaks at a podium in a formal indoor setting, surrounded by seated individuals and cereal boxes, suggesting a promotional or business event.",David Denholm from Kellogg kicking off the # ShareUrBreakfast DC event . RT to donate school bfast to kids in need ! ( cl ),Kellogg,Positive,Neutral
96,23589.jpg,None,RT @ vicenews : Canada is helping fund pro - Ukrainian TV to combat Kremlin propaganda :,Canada,Neutral,Positive
97,777980.jpg,"A soccer player lies face down on the grass, wearing a red jersey, suggesting exhaustion or disappointment on the field.",RT @ BBCSporf : Adnan Januzaj at Man United : Goals : 4 Bookings for diving : 5,Adnan Januzaj,Negative,Positive
98,777980.jpg,"A soccer player lies face down on the grass, wearing a red jersey, suggesting exhaustion or disappointment on the field.",RT @ BBCSporf : Adnan Januzaj at Man United : Goals : 4 Bookings for diving : 5,Man United,Neutral,Positive
99,124766.jpg,"A vibrant, playful poster featuring colorful icons like hearts, clouds, and musical symbols, advertising a 5 Seconds of Summer concert at Ziggo Dome Amsterdam on May 20, 2015.",RT @ Ashton5SOS : TONIGHT HERE IN AMSTERDAM !,AMSTERDAM,Neutral,Positive
100,65711.jpg,"The individual appears serious and contemplative, with a slight frown, suggesting a somber or reflective mood.",RT @ PressHerald : Ex - IMF chief Strauss - Kahn cleared of pimping said he didn ' t know orgy women were prostitutes . http,Strauss - Kahn,Neutral,Negative
101,45650.jpg,"A basketball player in mid-air, wearing a red jersey, performs a slam dunk in a packed stadium, evoking excitement and admiration from the crowd.",RT @ CBSSports : His Airness . Emojified . # WorldEmojiDay,Emojified,Neutral,Positive
102,1106183.jpg,"A tweet expresses a friendly and humorous interaction between two individuals, mentioning singing together and encouraging one to win a Grammy, accompanied by a smiling emoticon.","RT @ TIMELESSBIEBER : when justin bieber says go win a grammy , you go win a damn grammy",grammy,Positive,Neutral
103,1106183.jpg,"A tweet expresses a friendly and humorous interaction between two individuals, mentioning singing together and encouraging one to win a Grammy, accompanied by a smiling emoticon.","RT @ TIMELESSBIEBER : when justin bieber says go win a grammy , you go win a damn grammy",grammy,Positive,Negative
104,572586.jpg,"Amidst a shower of confetti, a jubilant football player in uniform raises his arms in celebration, surrounded by cheering teammates wearing championship shirts.","RT @ KING5Seattle : . @ DougBaldwinJr soaking in the moment # Seahawks Photo : Steven Bisig , USA Today Sports",# Seahawks,Positive,Neutral
105,790590.jpg,"A group of formally dressed individuals is seated around a conference table in a diplomatic setting, with flags in the background, indicating an international meeting or negotiation.",ENOUGH WITH ISRAEL Israel PM : Iran Nuke deal will make war in Middle East,Israel,Negative,Neutral
106,755149.jpg,"A woman smiles warmly while placing a bag into a food bank donation box at an outdoor event, suggesting a positive and charitable atmosphere.",UVA representing and contributing at # alumnicharitychallenge @ Hardywood,UVA,Positive,Neutral
107,110150.jpg,"The image shows EMC's Data Domain hardware alongside a Data Protection Suite box, emphasizing data security and protection solutions.",We have you covered . See why the Data Protection Suite amp Data Domain are even better together,Data Protection Suite,Positive,Neutral
108,24022.jpg,"A man and woman stand closely against a brick wall, both with neutral expressions, wearing winter attire.",RT @ MannfredNikolai : Russia Using INTERPOL To Target Russian Dissidents Living Abroad,Russia,Negative,Neutral
109,73331.jpg,"A large naval ship sails in open waters with a distant island visible, creating a serene and commanding maritime scene.",RT @ StrataNL : Nice shot of HNLMS Tromp and HNLMS Van Amstel in Plymouth Sound by @ AllanWarships @ kon marine # marine # defensie,HNLMS Van,Neutral,Positive
110,29115.jpg,A serene winter landscape features snow-covered branches framing a distant view of steaming geysers under a clear blue sky.,RT @ CBSSunday : Gallery : The haunting beauty of winter in Yellowstone,Yellowstone,Neutral,Positive
111,928023.jpg,"A person dressed as a pirate with a playful expression, wearing a hat with a skull emblem, is accompanied by a parrot, surrounded by a fiery decorative frame.","RT @ rappersaid : When DoodleBob said , ME HOY MINOY HOY",DoodleBob,Neutral,Negative
112,41189.jpg,"The image juxtaposes a soldier in uniform with a determined expression beside a football player celebrating on the field, highlighting a message about heroism and service.",RT @ HonoredTroops : Pat Tillman was the man,Pat Tillman,Neutral,Positive
113,123416.jpg,"A person in a red jersey and cap covers their mouth with a hand, appearing contemplative or concerned in an outdoor setting.",RT @ BoyBelieberDame : his neck is so suckable tho # MTVHottest Justin Bieber,Justin Bieber,Positive,Negative
114,1056382.jpg,"A bookstore shelf displays ""The Eighth Day"" by Dianne K. Salerni, evoking a sense of mystery and adventure with its dramatic cover art.","RT @ bobsalerni : Secret Eighth day tattoos spotted at B amp N , Brighton , MI ! @ diannesalerni @ YLBrighton @ BrightonPatch",Eighth day,Neutral,Positive
115,126236.jpg,"A young boy in an orange shirt stands quietly among tall corn plants, partially hidden, conveying a sense of curiosity and playfulness in a rural outdoor setting.","@ DuPontPioneer 1184 in Tecumseh , Ontario . Great looking variety ! !",Tecumseh,Neutral,Positive
116,126236.jpg,"A young boy in an orange shirt stands quietly among tall corn plants, partially hidden, conveying a sense of curiosity and playfulness in a rural outdoor setting.","@ DuPontPioneer 1184 in Tecumseh , Ontario . Great looking variety ! !",Ontario,Neutral,Positive
117,780791.jpg,"A serene beachside resort features a large, inviting pool surrounded by yellow umbrellas and lounge chairs, suggesting a relaxing vacation atmosphere.","Auto Torts week is finally upon us ! Have you signed up to join us in sunny Sandestin , FL ?",Sandestin,Neutral,Positive
118,780791.jpg,"A serene beachside resort features a large, inviting pool surrounded by yellow umbrellas and lounge chairs, suggesting a relaxing vacation atmosphere.","Auto Torts week is finally upon us ! Have you signed up to join us in sunny Sandestin , FL ?",FL,Neutral,Positive
119,196619.jpg,"A bulletin board features cutouts of characters with speech bubbles humorously offering academic advice, set against a colorful backdrop, creating a playful and motivational atmosphere.",Luther College message on info literacy . @ bookbagsara might add to your repertoire !,Luther College,Positive,Neutral
120,15046.jpg,"A person in a sleeveless shirt and cowboy hat stands on a roadside, holding Confederate flags as a black limousine with small American flags passes by, suggesting a politically charged atmosphere.",RT @ mashable : Obama was greeted by Confederate flags when he got to Nashville yesterday :,Obama,Neutral,Positive
121,35603.jpg,"The image features the Nike logo prominently displayed against a textured black background, with the ""cmlviz.com"" branding above it.",Nike Is Crushing It and on the Attack,Nike,Positive,Negative
122,73440.jpg,"A baseball player interacts warmly with two young fans, one smiling eagerly, at a stadium, creating a joyful and engaging atmosphere.",More than a few Rays fans in town and packing Wrigley today # cubs # rays # wrigley100,# rays,Positive,Neutral
123,1500439.jpg,"A young boy in a striped shirt appears solemn and serious in a mugshot-style photograph, conveying a sense of vulnerability and gravity.",RT @ blackvoices : We remember George Stinney # 28BlackLives,George Stinney,Positive,Neutral
124,1062760.jpg,"The image shows a vintage board game box featuring an athlete in a red USA jersey, smiling broadly while running, suggesting a theme of sports and competition.",Found this board game at the Chelsea Flea Market . Oh how the times have changed for Bruce . . . .,Bruce,Neutral,Positive
125,22850.jpg,"A convoy of military vehicles with armed individuals is seen on a road, displaying a prominent black flag, suggesting a militant or insurgent activity.","RT @ WSJ : Islamic State is expanding its reach in Libya , sending money , trainers and fighters",Islamic State,Negative,Neutral
126,22850.jpg,"A convoy of military vehicles with armed individuals is seen on a road, displaying a prominent black flag, suggesting a militant or insurgent activity.","RT @ WSJ : Islamic State is expanding its reach in Libya , sending money , trainers and fighters",Libya,Negative,Neutral
127,108911.jpg,"Two football players, one in college attire and the other in professional gear, leap to catch a football, showcasing athleticism and competitive intensity.",RT @ ESPNNFL : McShay picks Kevin White with 7 to CHI . Imagine Alshon Jeffrey amp Kevin White as a WR duo . # MelToddMock,Alshon Jeffrey,Positive,Neutral
128,46293.jpg,"A table in an office setting is filled with stacks of cash, a firearm, and a bag of a substance, suggesting a law enforcement display of seized items.","RT @ jasonjwilde : Here is what Starke , Fla . police seized from # Packers DT Letroy Guion .",Letroy Guion,Negative,Neutral
129,115832.jpg,"A hand holds a Colgate MaxFresh toothpaste box labeled ""FOR MEN"" in a store aisle, suggesting a gender-specific marketing approach.","RT @ kjalee : Seriously Colgate , do we really need gendered toothpaste ?",Colgate,Negative,Neutral
130,1072361.jpg,"A woman with a playful expression covers one eye with her hand, set against a striped background, promoting a blog tour for romance bloggers.",RT @ JenTheRiot : BLOGGERS NEEDED ! Please help with the Peace Love amp Romance tour . # SNRTG # IARTG,Peace Love,Neutral,Positive
131,627711.jpg,"A group of search and rescue team members, wearing helmets and gear, engage in a focused discussion outdoors with one member pointing, indicating direction or strategy.",RCMP confirm discovery of body in Juniper . Search for missing woman called off .,Juniper,Neutral,Negative
132,694025.jpg,"A serious-looking man is pictured alongside bold text discussing gun trafficking charges, plea bargains, and a critique of the justice system.",RT @ mdj17 : Its the NRA ? ? ?,NRA,Neutral,Negative
133,119370.jpg,"A focused soccer player in a striped jersey looks intently to the side during a match, with a serious expression and styled hair, suggesting concentration and determination.",Portugal 1 - 0 Serbia,Portugal,Neutral,Positive
134,560264.jpg,"A map indicates a temporary road closure for 8 hours on Al Shamal Road, affecting traffic flow towards Doha and Al Shamal.",Public Works Authority has announced a temp . closure on Shamal Road tomorrow .,Shamal Road,Negative,Neutral
135,96470.jpg,"Two individuals pose playfully, one making a shushing gesture while the other points with a playful grimace, suggesting a lighthearted and fun interaction.",RT @ ProyectoAyudaJB : Rt por Jiley # MTVHottest Justin Bieber,Justin Bieber,Positive,Neutral
136,12842.jpg,"An older individual with short white hair sits confidently on a bench outdoors, wearing a dark outfit and a neutral expression, suggesting a contemplative or relaxed mood.",Why rape works as oppression amp why the UN does not : interesting views from Madeleine . . .,UN,Neutral,Negative
137,660284.jpg,"A person in colorful attire enthusiastically embraces a large, vibrant portrait of a smiling woman indoors, conveying a sense of admiration and joy.",Malindi means business . I agree with @ JoyfulAmb @ hlamulo4 that this deserves a Frame ! Kwaaaaaaaa,Malindi,Positive,Neutral
138,414281.jpg,"A narrow glass walkway clings to a steep cliffside, offering a thrilling and adventurous experience at Yunyang Longgang National Park.","Glass Cliff Walk at Yunyang Longgang , # Chongqing - # China # outdoors # ttot # amazing",Yunyang Longgang,Neutral,Positive
139,414281.jpg,"A narrow glass walkway clings to a steep cliffside, offering a thrilling and adventurous experience at Yunyang Longgang National Park.","Glass Cliff Walk at Yunyang Longgang , # Chongqing - # China # outdoors # ttot # amazing",# Chongqing,Neutral,Positive
140,414281.jpg,"A narrow glass walkway clings to a steep cliffside, offering a thrilling and adventurous experience at Yunyang Longgang National Park.","Glass Cliff Walk at Yunyang Longgang , # Chongqing - # China # outdoors # ttot # amazing",# China,Neutral,Positive
141,1347104.jpg,"A serious-looking man in formal attire is featured on a large screen with text about Eurozone recovery, suggesting an economic discussion or presentation setting.",Goodbye to @ GeneralClark . Now we welcome Eurogroup President Jeroen @ J Dijsselbloem # ACEurozone,President Jeroen,Neutral,Positive
142,170834.jpg,"A group of people sit comfortably in a living room setting, engaged in a lively and friendly conversation, with smiles and attentive postures suggesting a positive and welcoming atmosphere.","Cosmetic Dentist , Dr . Michael Schneider , introduces a zero - pain smile makeover TMRW !",TMRW,Neutral,Positive
143,922717.jpg,"The image features a serious political message about a controversial bill related to mandatory ultrasounds, juxtaposed with the FBI's definition of rape, highlighting a tense and critical social issue.","RT @ TheDailyEdge : Scott Walker : We should treat everyone the same in America . Except women , of course . # GOPDebate",Scott Walker,Neutral,Negative
144,952916.jpg,"A silhouette of a woman's face, adorned with elaborate earrings, is integrated into the outline of Africa, with a tear on her cheek, conveying a poignant and emotional message.",RT @ LucianaBianchi : My thoughts go to all mothers and fathers in Kenya . # 147notjustanumber # KenyaAttack,Kenya,Negative,Neutral
145,820763.jpg,"Three young women are indoors, smiling broadly at the camera, suggesting a joyful and friendly atmosphere.",RT @ kbyadgi : NTL training with these lovely ladies ! @ RoKhannaUSA # CA17 # WheresMike,NTL,Neutral,Positive
146,494092.jpg,"A group of animated princesses in colorful, sparkling gowns stand together, smiling warmly and exuding a cheerful, friendly atmosphere.",@ BuzzFeed : The ages of all of the Disney Princesses This is quite worrying .,Disney Princesses,Negative,Neutral
147,335477.jpg,"A person sits alone in a ferry cabin, looking down with a contemplative expression, as another ferry is visible outside the window.",Goodbye to Anacortes,Anacortes,Negative,Neutral
148,93761.jpg,"A man on a vintage magazine cover poses thoughtfully with a hand under his chin, exuding a calm and composed demeanor.",Owned this for years . Learned at TCMFF 2014 part of 1938 whirlwind press to hype ADVENTURES OF ROBIN HOOD . # tcmparty,ADVENTURES OF ROBIN HOOD,Neutral,Positive
149,65091.jpg,"A soccer player in a red jersey kneels on the field with arms outstretched in celebration, surrounded by a cheering crowd.",RT @ ManUtdGraphics : Awards The winner of the Jimmy Murphy Young Player of the Year award for the 2013 14 season is James Wilson ! # MUFC ht,# MUFC,Neutral,Positive
150,1450983.jpg,"A milk jug displays an expiration date of ""MAR 10 2015,"" suggesting outdated or expired content.",RT @ Little Interest : My milk is best if used by Mario . # MildyInteresting,Mario,Neutral,Positive
151,117083.jpg,A person in white religious attire waves and smiles warmly in front of a grand architectural backdrop under a clear blue sky.,RT @ ForeignPolicy : Can Pope Francis heal the political divide on climate change ?,Pope Francis,Positive,Neutral
152,571778.jpg,"A ranked list of popular youth brands highlights YouTube, Amazon, and Google as the top three, indicating their significant influence and appeal among young audiences.",RT @ yizmo : YouTube beats Facebook amp Google to become top youth brand,Google,Neutral,Positive
153,32749.jpg,"The image shows the storefront of ""BJ's Sweets & Tobacco,"" a specialist tobacconist and confectioner, with a closed red shutter and signage indicating its location on Lichfield Street.",RT @ AdrianEdmondson : Found a shop that Rik would have loved . . . ( His three basic needs satisfied in one place ) .,Rik,Positive,Neutral
154,45690.jpg,"A vintage, customized vehicle with a distinctive logo and equipment on top is parked indoors, evoking nostalgia and excitement.",RT @ vergecars : Ghostbusters director Paul Feig shows off the new Ecto - 1 car,Paul Feig,Neutral,Negative
155,30407.jpg,"A child sits joyfully on a car parked in front of a large, elegant house, conveying a sense of happiness and comfort in a residential setting.",RT @ daisyjuggalot : Ppl be like in Africa everyone have their hutts or live in the bush ! Well Welcome to my # Hutt,Africa,Neutral,Positive
156,1945937.jpg,"A smiling soccer player in a blue and orange training outfit stands on a field, exuding a sense of joy and camaraderie with teammates in the background.",Dikgacoi sent to boot camp https : t . co C4xrKRWae6,Dikgacoi,Positive,Neutral
157,32115.jpg,A person wearing a casual sweater and backwards cap smiles warmly while pointing playfully with both hands in an indoor setting.,RT @ ketchupxmgc : Rt for Louis Tomlinson Fav for Carter Reynolds,Carter Reynolds,Positive,Neutral
158,790683.jpg,"A man in a suit stands solemnly in a formal setting, possibly a legislative chamber, suggesting a serious or contemplative moment.",VOTE TRUMP FUCK Ted Cruz tries to pull Trump card on Senate floor https : t . co DMiXRZC9Qm,Trump,Positive,Negative
159,73787.jpg,"A man on a bicycle gazes at a crowded beach during sunset, creating a relaxed and leisurely atmosphere.","Hello , Israel ! Tel Aviv and the view to Jaffa",Jaffa,Neutral,Positive
160,603511.jpg,"A serene, snow-covered landscape with a frozen body of water and distant houses under a clear blue sky evokes a sense of calm and isolation.",# Barnstable Harbor after the big northeastern ! 12 inches of heavy slushy white stuff . . .,# Barnstable Harbor,Positive,Negative
161,647159.jpg,"The image promotes a family-friendly BBQ garden party hosted by Deaf Parenting UK, featuring activities like a bouncing castle and face painting, set in a large garden with provisions for indoor events in case of rain.","You are invited to our BBQ Garden Party on Sat 20 September at deafPLUS , Trinity Centre , London . Pls RT and share .",BBQ Garden Party,Positive,Neutral
162,1308471.jpg,"The person appears contemplative and serious, sitting indoors in a blue shirt during an interview setting with a news logo visible.",RT @ THR : TV Ratings : Bruce Jenner Interview Nabs 16 . 9 Million Viewers,Nabs,Neutral,Positive
163,91196.jpg,"A person in a hat and denim jacket plays an electric guitar on stage, suggesting a musical audition setting.",Elevate Life Worship is holding open auditions for vocals and band on July 26 ! Learn more :,Elevate Life Worship,Positive,Neutral
164,418409.jpg,"A diverse group of people sits attentively in a crowded auditorium, with some individuals standing and engaging in conversation, suggesting a formal or community meeting.",No one from public steps up to speak in favor of the asking Mayor Sims to resign . Several stand to speak against .,Mayor Sims,Negative,Neutral
165,62796.jpg,"A golfer in a pink shirt stands pensively on the green, surrounded by an attentive crowd under a clear sky.","RT @ SportsCenter : Phil Mickelson is 5 strokes back . The last time he won a major , he trailed by 5 strokes entering final round .",Phil Mickelson,Neutral,Positive
166,554970.jpg,"A picturesque, narrow alleyway with colorful buildings and lush greenery evokes a serene and charming atmosphere.","RT @ darthvette : Beautiful Street View Somewhere in Verona , Italy . .",Verona,Neutral,Positive
167,554970.jpg,"A picturesque, narrow alleyway with colorful buildings and lush greenery evokes a serene and charming atmosphere.","RT @ darthvette : Beautiful Street View Somewhere in Verona , Italy . .",Italy,Neutral,Positive
168,1310063.jpg,"A small beagle puppy is being held up, looking directly at the camera with a calm expression, highlighting its soft fur and tiny paws.",Hi I am Shimba,Shimba,Neutral,Positive
169,759594.jpg,"A woman in a yellow outfit stands solemnly in a news studio with a world map backdrop, conveying a serious or concerned tone.",RT @ DazedMagazine : Watch a German news anchor call out racism against refugees live on air :,German,Neutral,Negative
170,1751885.jpg,"A legal document titled ""COMPLAINT AND DEMAND FOR JURY TRIAL"" is shown, indicating a formal legal proceeding involving multiple parties.",RT @ WESH : Video : Valencia College sued over forced vaginal exams,Valencia College,Negative,Neutral
171,499573.jpg,"A group of five smiling young people pose closely together, exuding joy and camaraderie in a casual setting.","RT @ SMendesTour : Shawn with Ohio squad today at his M amp G in Cleveland , OH . ( 7 21 - 2015 ) . @ ayhtdwshawn",Shawn,Positive,Neutral
172,118562.jpg,"A man and woman are engaged in a playful dance, smiling at each other, in a casual outdoor setting.",RT @ 90swomen : Naomi Campbell and Michael Jackson x 90s .,Naomi Campbell,Neutral,Positive
173,115220.jpg,"The image is a promotional flyer for the Avant-Garde Art & Craft Show on December 2, 2012, featuring local handmade art and craft vendors, with free admission and a portion of proceeds benefiting a local animal rescue.","Anyone near Akron , come see the Avant Garde Craft Show @ TheAkronTangier today 11 - 6",Avant Garde Craft Show,Neutral,Positive
174,702116.jpg,"A masked figure in protective gear holds a weapon, shouting ""ALFIE!"" in a tense and dramatic setting.",RT @ ProSyndicate : Incredible Mr . Moon fan art from Craig once again !,Craig,Positive,Neutral
175,70495.jpg,"A baseball player in blue leaps mid-air to tag a sliding opponent in white on a sandy field, capturing a moment of intense athletic competition.","Starlin Castro with better glove work in the 6th , tagging out Alexei Ramirez on a stolen base",Starlin Castro,Neutral,Positive
176,566271.jpg,"A split image shows two individuals with neutral expressions, one in a leather jacket and the other in a pink outfit, accompanied by a headline about a public critique.",RT @ mccannswild : tumblr is DEFENDING JUSTIN WHAT A DAY TO BE ALIVE,JUSTIN,Negative,Positive
177,539593.jpg,"The image features a stylized donkey in red and blue, encouraging viewers to support Democrats in the upcoming election on November 4th.",RT @ KennettDems : RT if you are voting for Democrats on November 4th ! # GOTV,Democrats,Positive,Neutral
178,539593.jpg,"The image features a stylized donkey in red and blue, encouraging viewers to support Democrats in the upcoming election on November 4th.",RT @ KennettDems : RT if you are voting for Democrats on November 4th ! # GOTV,# GOTV,Positive,Neutral
179,477288.jpg,"A map highlights Nassau and Suffolk counties in green under a flash flood warning, indicating potential severe weather conditions.",Flash Flood Warning for Suffolk and Nassau again . This will be in effect through 8 : 15pm . @ PIX11News,Flash Flood Warning,Neutral,Negative
180,477288.jpg,"A map highlights Nassau and Suffolk counties in green under a flash flood warning, indicating potential severe weather conditions.",Flash Flood Warning for Suffolk and Nassau again . This will be in effect through 8 : 15pm . @ PIX11News,Suffolk,Neutral,Negative
181,128664.jpg,"A vibrant display of fireworks illuminates the night sky above iconic landmarks, creating a celebratory and patriotic atmosphere.",RT @ BEAUTIFULPlCS : Happy New Year from Washington D . C . ! # NYE # 2015,New Year,Positive,Neutral
182,128664.jpg,"A vibrant display of fireworks illuminates the night sky above iconic landmarks, creating a celebratory and patriotic atmosphere.",RT @ BEAUTIFULPlCS : Happy New Year from Washington D . C . ! # NYE # 2015,# NYE,Positive,Neutral
183,617017.jpg,"A person in a purple blazer speaks passionately indoors, gesturing with one hand, suggesting engagement in a serious discussion or debate.","RT @ thehill : Warren pokes fun at Scott Brown , Sarah Palin :",Scott Brown,Negative,Neutral
184,164471.jpg,"A Twitter exchange shows a user criticizing an athlete's workout routine, to which the athlete responds defensively, highlighting social media follower count and dismissing the critique.",@ ForTheMen : Kaepernick is a savage @ Abyymartell,Kaepernick,Neutral,Negative
185,73236.jpg,"Two children joyfully run towards the camera with wide smiles, set against a backdrop of a large apartment building, conveying a sense of carefree happiness.",RT @ DNAinfoCHI : Photojournalist John H . White ' s epic career celebrated with Roosevelt University exhibit,Roosevelt University,Neutral,Positive
186,5898.jpg,"A group of six energetic individuals in colorful attire are jumping and posing enthusiastically on stage, conveying excitement and anticipation for a world tour event.",RT @ jypnation : 2PM WORLD TOUR GO CRAZY IN JAKARTA 2014 . 12 . 05 ( Fri ) Istora Senayan - Komplek Gelora Bung Karno,2PM WORLD TOUR GO CRAZY,Neutral,Positive
187,1005776.jpg,"A rotating globe with the bold text ""BREAKING NEWS"" suggests an urgent or important announcement.",Amb . Martin Kimani to be Director National Counter Terrorism Centre . Incumbent Isaac Ochieng to serve as envoy of Kenya,Martin Kimani,Neutral,Positive
188,1005776.jpg,"A rotating globe with the bold text ""BREAKING NEWS"" suggests an urgent or important announcement.",Amb . Martin Kimani to be Director National Counter Terrorism Centre . Incumbent Isaac Ochieng to serve as envoy of Kenya,Isaac Ochieng,Neutral,Positive
189,386184.jpg,"A man in a formal outfit gestures emphatically with his hand, appearing focused and intense, possibly in a coaching or instructing context.",RT @ dreamteamfc : How many players will Aston Villa have left by the start of the season ?,Aston Villa,Neutral,Negative
190,1301326.jpg,"A serious-looking man is featured beside bold text indicating 70% of Britons support an Australian-style points-based immigration system, with a call to share and support UKIP policy.",RT @ YIofficial : Retweet if you agree with UKIP policy .,UKIP,Neutral,Positive
191,1406677.jpg,"A serene landscape view captures a lush, expansive valley under a bright, hazy sky, evoking a sense of tranquility and awe.",Beautiful views in the Magaliesberg last week :,Magaliesberg,Positive,Neutral
192,74577.jpg,"A decorative textile features an intricate pattern of pink flowers and green vines, evoking a sense of elegance and natural beauty.",RT @ metmuseum : Feast your eyes on one of Candace Wheeler ' s most luxurious textiles : # WomensHistoryMonth,Candace Wheeler,Positive,Neutral
193,414719.jpg,"The image showcases a modern, luxurious high-rise hotel in Kuala Lumpur with vibrant city lights and a prominent ""Harrods"" sign, suggesting an upscale and prestigious atmosphere.","Harrods Hotel Kuala Lumpur , a 7 - star hotel to open in 2018 - # MyFest2015 # Malaysia # Harrods",Harrods Hotel Kuala Lumpur,Neutral,Positive
194,34108.jpg,"A large group of people, all wearing face masks, pose together in a formal setting with a bride and groom at the center, suggesting a wedding celebration.",RT @ tunkuv : Wedding photo becomes symbol of South Korea MERS scare,MERS,Negative,Neutral
195,72661.jpg,"A football player in navy uniform runs with the ball while another player in white dives to tackle him on a sports field, with a referee observing the action.",Wrong way # Bears : # Patriots Ninkovich takes a fumble for a TD ahead of Jake Long,Ninkovich,Positive,Neutral
196,617873.jpg,"A group of soccer players in red and white jerseys celebrate on the field, embracing and smiling, suggesting a moment of triumph or victory.","RT @ Squawka : FA Cup final : Arsenal vs . Aston Villa , Saturday 30th May .",Arsenal,Positive,Neutral
197,30136.jpg,"A series of images shows a soccer player in various moments of struggle and determination on the field, accompanied by the encouraging text ""DON'T GIVE UP FERNANDO TORRES.""",RT @ KABAR CHELSEA : Fernando Torres . # CB,Fernando Torres,Neutral,Positive
198,422153.jpg,"Thick black smoke billows into the sky from a fire in an industrial area, creating a sense of urgency and concern.",A fire has reportedly broken out at a prison in Florence . -,Florence,Negative,Neutral
199,483163.jpg,"The image depicts the illuminated glass pyramid of the Louvre Museum at night, creating a serene and majestic atmosphere with no visible human interaction.",The Best way to visit the Louvre Museum . # paris,# paris,Positive,Neutral
200,716402.jpg,None,RT @ AnakNonton : # SeputarFilm Bruno Mars is Roberto in RIO 2 movie ! Coming soon !,Roberto,Neutral,Positive
201,716402.jpg,None,RT @ AnakNonton : # SeputarFilm Bruno Mars is Roberto in RIO 2 movie ! Coming soon !,RIO 2,Neutral,Positive
202,71741.jpg,"A large group of people gather solemnly at night around a memorial with flowers, as ""RIP DEAN"" is written on the ground, conveying a sense of mourning and remembrance.",RT @ TarHeelPhoto : Students gathering at the Dean E . Smith Center to honor Dean Smith,Dean Smith,Negative,Positive
203,1413646.jpg,"A collage featuring the University of Bologna's emblem, an illustration blending science and art, and a vibrant street scene with historic architecture, evokes a sense of academic tradition and cultural richness.","Visiting Bologna University , where arts amp sciences equally important . Cf . by @ sarahchurchwell",Bologna University,Positive,Neutral
204,33118.jpg,"A man stands at a podium with an expressive, open-mouthed gesture, set against a backdrop of an American flag, suggesting a speech or public address.",RT @ CapX : Trump and Corbyn are a symptom of our shrunken politics - @ rcolvile,Corbyn,Neutral,Negative
205,1357925.jpg,A serene aerial view of a pristine coastline with turquoise waters and lush greenery evokes a sense of tranquility and natural beauty.,RT @ businessinsider : 22 stunning aerial photos of Cuba,Cuba,Neutral,Positive
206,423135.jpg,"A group of smiling individuals in formal attire gather closely around a laptop in an indoor setting, suggesting a celebratory or collaborative event.","Great morning with @ mkfm at Bletchley Park pushing the button for the FM application , fingers crossed !",Bletchley Park,Neutral,Positive
207,568010.jpg,"A large group of smiling children in bright orange shirts and a few adults in blue shirts pose together on steps in front of a historic building, suggesting a cheerful group outing or camp activity.",RT @ ymcacampwidji : The Percy Jackson themed lit camp went on a field trip to the Parthenon !,The Percy Jackson,Positive,Neutral
208,568010.jpg,"A large group of smiling children in bright orange shirts and a few adults in blue shirts pose together on steps in front of a historic building, suggesting a cheerful group outing or camp activity.",RT @ ymcacampwidji : The Percy Jackson themed lit camp went on a field trip to the Parthenon !,Parthenon,Neutral,Positive
209,72867.jpg,"A football player in full gear, number 74, emerges confidently from a tunnel with dramatic lighting and smoke, suggesting anticipation and excitement before a game.","Jermon Bushrod looking all - mighty in the tunnel , but all downhill from there . # Bears photos :",Jermon Bushrod,Positive,Negative
210,72867.jpg,"A football player in full gear, number 74, emerges confidently from a tunnel with dramatic lighting and smoke, suggesting anticipation and excitement before a game.","Jermon Bushrod looking all - mighty in the tunnel , but all downhill from there . # Bears photos :",# Bears,Positive,Neutral
211,1015598.jpg,"A woman stands confidently outdoors, smiling broadly while wearing a red shirt with a humorous message, suggesting a playful or defiant sentiment.",RT @ BuzzFeed : A Kentucky clerk who kept getting confused for Kim Davis made an amazing t - shirt,Kentucky,Neutral,Positive
212,1015598.jpg,"A woman stands confidently outdoors, smiling broadly while wearing a red shirt with a humorous message, suggesting a playful or defiant sentiment.",RT @ BuzzFeed : A Kentucky clerk who kept getting confused for Kim Davis made an amazing t - shirt,Kim Davis,Positive,Neutral
213,1114560.jpg,"Two individuals walk near a blazing fire with thick smoke, creating a tense and urgent atmosphere in a rural setting.",RT @ shaun505 : 4 people dead after plane crashes near Silver City .,Silver City,Negative,Neutral
214,62463.jpg,"A man in a suit stands in a formal indoor setting, gesturing emphatically with a serious expression, suggesting he is speaking or presenting passionately.",RT @ SenTedCruz : What is the Export - Import Bank ? Even then - Senator Obama agrees : Corporate Welfare . # EndExIm,Export - Import Bank,Negative,Neutral
215,46517.jpg,"A fleet of naval ships, led by an aircraft carrier, navigates through open waters, suggesting a coordinated military operation or exercise.",RT @ BBCNewsAsia : Why is the US Navy practising for war with China ? @ wingcommander1 reports,US Navy,Negative,Neutral
216,46517.jpg,"A fleet of naval ships, led by an aircraft carrier, navigates through open waters, suggesting a coordinated military operation or exercise.",RT @ BBCNewsAsia : Why is the US Navy practising for war with China ? @ wingcommander1 reports,China,Negative,Neutral
217,478477.jpg,"A weather map displays severe thunderstorm and tornado warnings with highlighted areas in red and yellow, indicating potential danger.",Tornado Warning for Salem County in Southern NJ until 5pm . @ PIX11News,Southern NJ,Negative,Neutral
218,115614.jpg,"An email notification from reed.co.uk announces job openings at Nando's, MI6, and Soho House, indicating diverse employment opportunities.",RT @ 2Ls1T : Either I need to tweak my profile or Reed need to improve their job recommendation software .,Reed,Negative,Neutral
219,673088.jpg,"A silver HTC smartphone lies on a wooden surface, showcasing a sleek design with a 4G LTE logo.","HTC One Max , Y U so big ? ?",HTC One Max,Neutral,Positive
220,478689.jpg,"A live radar image shows a cluster of intense thunderstorms with red and yellow areas indicating heavy rainfall over Jefferson, suggesting severe weather conditions.",Severe thunderstorm warnings continues for parts of NW NJ - - expect heavy rain and gusty winds . @ PIX11News,NW,Neutral,Negative
221,20276.jpg,"A giant eagle stands dominantly over a miniature football player lying on the ground, evoking a surreal and humorous contrast.",Here you go Dallas fans .,Dallas,Positive,Negative
222,1140731.jpg,"A solemn portrait of a man in formal attire is accompanied by a thought-provoking quote addressing social issues, attributed to Carter G. Woodson.",RT @ PhxKen : AWESOME QUOTE BY CARTER G . WOODSON . . . . WANT OUT OF THE BLACK GHETTO ? ? READ THIS,CARTER,Neutral,Positive
